branch,business_date,buy,crawl_mode,currency,date,gold_type,provider,raw_hash,reference_date,sell,source,spread,timestamp,unit
Giá vàng nữ trang,2024-04-12,75450000.0,,VND,2024-04-12,Nhẫn PNJ (24K),PNJ,8b029f170f28f240288141d36ee8009d85648eb3deb7d405b006a8e50e976c29,,77200000.0,giavang_pnj_archive,1.75,15:19:18 12/04/2024,VND/lượng
Giá vàng nữ trang,2024-04-12,74900000.0,,VND,2024-04-12,Nhẫn PNJ (24K),PNJ,8b029f170f28f240288141d36ee8009d85648eb3deb7d405b006a8e50e976c29,,76600000.0,giavang_pnj_archive,1.6999999999999886,08:03:06 12/04/2024,VND/lượng
Hà Nội,2024-04-12,75450000.0,,VND,2024-04-12,PNJ,PNJ,8b029f170f28f240288141d36ee8009d85648eb3deb7d405b006a8e50e976c29,,77250000.0,giavang_pnj_archive,1.7999999999999972,15:19:18 12/04/2024,VND/lượng
Hà Nội,2024-04-12,74900000.0,,VND,2024-04-12,PNJ,PNJ,8b029f170f28f240288141d36ee8009d85648eb3deb7d405b006a8e50e976c29,,76700000.0,giavang_pnj_archive,1.7999999999999972,08:03:06 12/04/2024,VND/lượng
Miền Tây,2024-04-12,75450000.0,,VND,2024-04-12,PNJ,PNJ,8b029f170f28f240288141d36ee8009d85648eb3deb7d405b006a8e50e976c29,,77250000.0,giavang_pnj_archive,1.7999999999999972,15:19:18 12/04/2024,VND/lượng
Miền Tây,2024-04-12,74900000.0,,VND,2024-04-12,PNJ,PNJ,8b029f170f28f240288141d36ee8009d85648eb3deb7d405b006a8e50e976c29,,76700000.0,giavang_pnj_archive,1.7999999999999972,08:03:06 12/04/2024,VND/lượng
Nữ trang 10K,2024-04-12,31600000.0,,VND,2024-04-12,30.200,PNJ,8b029f170f28f240288141d36ee8009d85648eb3deb7d405b006a8e50e976c29,,8000000.0,giavang_pnj_archive,-23.6,,VND/lượng
Nữ trang 10K,2024-04-12,31810000.0,,VND,2024-04-12,30.410,PNJ,8b029f170f28f240288141d36ee8009d85648eb3deb7d405b006a8e50e976c29,,15000000.0,giavang_pnj_archive,-16.81,,VND/lượng
Nữ trang 14K,2024-04-12,44380000.0,,VND,2024-04-12,42.980,PNJ,8b029f170f28f240288141d36ee8009d85648eb3deb7d405b006a8e50e976c29,,8000000.0,giavang_pnj_archive,-36.38,,VND/lượng
Nữ trang 14K,2024-04-12,44670000.0,,VND,2024-04-12,43.270,PNJ,8b029f170f28f240288141d36ee8009d85648eb3deb7d405b006a8e50e976c29,,15000000.0,giavang_pnj_archive,-29.67,,VND/lượng
Nữ trang 18K,2024-04-12,56850000.0,,VND,2024-04-12,55.450,PNJ,8b029f170f28f240288141d36ee8009d85648eb3deb7d405b006a8e50e976c29,,8000000.0,giavang_pnj_archive,-48.85,,VND/lượng
Nữ trang 18K,2024-04-12,57230000.0,,VND,2024-04-12,55.830,PNJ,8b029f170f28f240288141d36ee8009d85648eb3deb7d405b006a8e50e976c29,,15000000.0,giavang_pnj_archive,-42.23,,VND/lượng
Nữ trang 24K,2024-04-12,75600000.0,,VND,2024-04-12,74.800,PNJ,8b029f170f28f240288141d36ee8009d85648eb3deb7d405b006a8e50e976c29,,8000000.0,giavang_pnj_archive,-67.6,,VND/lượng
Nữ trang 24K,2024-04-12,76100000.0,,VND,2024-04-12,75.300,PNJ,8b029f170f28f240288141d36ee8009d85648eb3deb7d405b006a8e50e976c29,,15000000.0,giavang_pnj_archive,-61.099999999999994,,VND/lượng
SJC,2024-04-12,84400000.0,,VND,2024-04-12,82.300,PNJ,8b029f170f28f240288141d36ee8009d85648eb3deb7d405b006a8e50e976c29,,8000000.0,giavang_pnj_archive,-76.4,,VND/lượng
SJC,2024-04-12,84400000.0,,VND,2024-04-12,82.300,PNJ,8b029f170f28f240288141d36ee8009d85648eb3deb7d405b006a8e50e976c29,,8000000.0,giavang_pnj_archive,-76.4,,VND/lượng
SJC,2024-04-12,84400000.0,,VND,2024-04-12,82.300,PNJ,8b029f170f28f240288141d36ee8009d85648eb3deb7d405b006a8e50e976c29,,8000000.0,giavang_pnj_archive,-76.4,,VND/lượng
SJC,2024-04-12,84400000.0,,VND,2024-04-12,82.300,PNJ,8b029f170f28f240288141d36ee8009d85648eb3deb7d405b006a8e50e976c29,,8000000.0,giavang_pnj_archive,-76.4,,VND/lượng
SJC,2024-04-12,84400000.0,,VND,2024-04-12,82.300,PNJ,8b029f170f28f240288141d36ee8009d85648eb3deb7d405b006a8e50e976c29,,8000000.0,giavang_pnj_archive,-76.4,,VND/lượng
SJC,2024-04-12,84400000.0,,VND,2024-04-12,82.300,PNJ,8b029f170f28f240288141d36ee8009d85648eb3deb7d405b006a8e50e976c29,,8000000.0,giavang_pnj_archive,-76.4,,VND/lượng
SJC,2024-04-12,84500000.0,,VND,2024-04-12,82.500,PNJ,8b029f170f28f240288141d36ee8009d85648eb3deb7d405b006a8e50e976c29,,15000000.0,giavang_pnj_archive,-69.5,,VND/lượng
SJC,2024-04-12,84500000.0,,VND,2024-04-12,82.500,PNJ,8b029f170f28f240288141d36ee8009d85648eb3deb7d405b006a8e50e976c29,,15000000.0,giavang_pnj_archive,-69.5,,VND/lượng
SJC,2024-04-12,84500000.0,,VND,2024-04-12,82.500,PNJ,8b029f170f28f240288141d36ee8009d85648eb3deb7d405b006a8e50e976c29,,15000000.0,giavang_pnj_archive,-69.5,,VND/lượng
SJC,2024-04-12,84500000.0,,VND,2024-04-12,82.500,PNJ,8b029f170f28f240288141d36ee8009d85648eb3deb7d405b006a8e50e976c29,,15000000.0,giavang_pnj_archive,-69.5,,VND/lượng
SJC,2024-04-12,84500000.0,,VND,2024-04-12,82.500,PNJ,8b029f170f28f240288141d36ee8009d85648eb3deb7d405b006a8e50e976c29,,15000000.0,giavang_pnj_archive,-69.5,,VND/lượng
SJC,2024-04-12,84500000.0,,VND,2024-04-12,82.500,PNJ,8b029f170f28f240288141d36ee8009d85648eb3deb7d405b006a8e50e976c29,,15000000.0,giavang_pnj_archive,-69.5,,VND/lượng
TPHCM,2024-04-12,75450000.0,,VND,2024-04-12,PNJ,PNJ,8b029f170f28f240288141d36ee8009d85648eb3deb7d405b006a8e50e976c29,,77250000.0,giavang_pnj_archive,1.7999999999999972,15:19:18 12/04/2024,VND/lượng
TPHCM,2024-04-12,74900000.0,,VND,2024-04-12,PNJ,PNJ,8b029f170f28f240288141d36ee8009d85648eb3deb7d405b006a8e50e976c29,,76700000.0,giavang_pnj_archive,1.7999999999999972,08:03:06 12/04/2024,VND/lượng
Tây Nguyên,2024-04-12,75450000.0,,VND,2024-04-12,PNJ,PNJ,8b029f170f28f240288141d36ee8009d85648eb3deb7d405b006a8e50e976c29,,77250000.0,giavang_pnj_archive,1.7999999999999972,15:19:18 12/04/2024,VND/lượng
Tây Nguyên,2024-04-12,74900000.0,,VND,2024-04-12,PNJ,PNJ,8b029f170f28f240288141d36ee8009d85648eb3deb7d405b006a8e50e976c29,,76700000.0,giavang_pnj_archive,1.7999999999999972,08:03:06 12/04/2024,VND/lượng
Đà Nẵng,2024-04-12,75450000.0,,VND,2024-04-12,PNJ,PNJ,8b029f170f28f240288141d36ee8009d85648eb3deb7d405b006a8e50e976c29,,77250000.0,giavang_pnj_archive,1.7999999999999972,15:19:18 12/04/2024,VND/lượng
Đà Nẵng,2024-04-12,74900000.0,,VND,2024-04-12,PNJ,PNJ,8b029f170f28f240288141d36ee8009d85648eb3deb7d405b006a8e50e976c29,,76700000.0,giavang_pnj_archive,1.7999999999999972,08:03:06 12/04/2024,VND/lượng
Đông Nam Bộ,2024-04-12,75450000.0,,VND,2024-04-12,PNJ,PNJ,8b029f170f28f240288141d36ee8009d85648eb3deb7d405b006a8e50e976c29,,77250000.0,giavang_pnj_archive,1.7999999999999972,15:19:18 12/04/2024,VND/lượng
Đông Nam Bộ,2024-04-12,74900000.0,,VND,2024-04-12,PNJ,PNJ,8b029f170f28f240288141d36ee8009d85648eb3deb7d405b006a8e50e976c29,,76700000.0,giavang_pnj_archive,1.7999999999999972,08:03:06 12/04/2024,VND/lượng
Hồ Chí Minh,2024-04-12,82200000.0,,VND,2024-04-12,"Vàng SJC 1L, 10L, 1KG",SJC,1907e9c6791435d006bc0f9199fb7d41d1390e0d2ad5bb33b42c768787cfb2cc,,84200000.0,giavang_sjc_archive,2.0,00:00:00 12/04/2024,VND/lượng
Hồ Chí Minh,2024-04-12,82500000.0,,VND,2024-04-12,"Vàng SJC 1L, 10L, 1KG",SJC,1907e9c6791435d006bc0f9199fb7d41d1390e0d2ad5bb33b42c768787cfb2cc,,84500000.0,giavang_sjc_archive,2.0,15:10:00 12/04/2024,VND/lượng
Hồ Chí Minh,,82200000.0,raw_range,VND,2024-04-12,"Vàng SJC 1L, 10L, 1KG",SJC,675b97e626476c1012a9a9f86960d25421aec740b0942ec65b4f9f229554ef04,2024-04-12/2024-04-16,84200000.0,sjc_official,2000000.0,2024-04-11T17:00:00+00:00,VND/lượng
Hồ Chí Minh,,82700000.0,raw_range,VND,2024-04-12,"Vàng SJC 1L, 10L, 1KG",SJC,675b97e626476c1012a9a9f86960d25421aec740b0942ec65b4f9f229554ef04,2024-04-12/2024-04-16,84700000.0,sjc_official,2000000.0,2024-04-12T01:33:46.423000+00:00,VND/lượng
Hồ Chí Minh,,82900000.0,raw_range,VND,2024-04-12,"Vàng SJC 1L, 10L, 1KG",SJC,675b97e626476c1012a9a9f86960d25421aec740b0942ec65b4f9f229554ef04,2024-04-12/2024-04-16,84900000.0,sjc_official,2000000.0,2024-04-12T02:10:25.933000+00:00,VND/lượng
Hồ Chí Minh,,83000000.0,raw_range,VND,2024-04-12,"Vàng SJC 1L, 10L, 1KG",SJC,675b97e626476c1012a9a9f86960d25421aec740b0942ec65b4f9f229554ef04,2024-04-12/2024-04-16,85000000.0,sjc_official,2000000.0,2024-04-12T02:15:32.227000+00:00,VND/lượng
Hồ Chí Minh,,82800000.0,raw_range,VND,2024-04-12,"Vàng SJC 1L, 10L, 1KG",SJC,675b97e626476c1012a9a9f86960d25421aec740b0942ec65b4f9f229554ef04,2024-04-12/2024-04-16,84800000.0,sjc_official,2000000.0,2024-04-12T07:25:04.757000+00:00,VND/lượng
Hồ Chí Minh,,82700000.0,raw_range,VND,2024-04-12,"Vàng SJC 1L, 10L, 1KG",SJC,675b97e626476c1012a9a9f86960d25421aec740b0942ec65b4f9f229554ef04,2024-04-12/2024-04-16,84700000.0,sjc_official,2000000.0,2024-04-12T07:46:08.687000+00:00,VND/lượng
Hồ Chí Minh,,82500000.0,raw_range,VND,2024-04-12,"Vàng SJC 1L, 10L, 1KG",SJC,675b97e626476c1012a9a9f86960d25421aec740b0942ec65b4f9f229554ef04,2024-04-12/2024-04-16,84500000.0,sjc_official,2000000.0,2024-04-12T08:08:23.860000+00:00,VND/lượng
Việt Nam,,82200000.0,raw_range,VND,2024-04-12,SJC 1 lượng,WebGia,861f796d4ccb95fa41c6ea446d57faba4a4b944771fd4a79adf88c28c23fb728,2024-04-12,84200000.0,webgia_sjc_archive,2000000.0,2024-04-12T00:00:00+07:00,VND/lượng
Việt Nam,,82700000.0,raw_range,VND,2024-04-12,SJC 1 lượng,WebGia,861f796d4ccb95fa41c6ea446d57faba4a4b944771fd4a79adf88c28c23fb728,2024-04-12,84700000.0,webgia_sjc_archive,2000000.0,2024-04-12T08:50:00+07:00,VND/lượng
Việt Nam,,82900000.0,raw_range,VND,2024-04-12,SJC 1 lượng,WebGia,861f796d4ccb95fa41c6ea446d57faba4a4b944771fd4a79adf88c28c23fb728,2024-04-12,84900000.0,webgia_sjc_archive,2000000.0,2024-04-12T09:15:00+07:00,VND/lượng
Việt Nam,,83000000.0,raw_range,VND,2024-04-12,SJC 1 lượng,WebGia,861f796d4ccb95fa41c6ea446d57faba4a4b944771fd4a79adf88c28c23fb728,2024-04-12,85000000.0,webgia_sjc_archive,2000000.0,2024-04-12T14:20:00+07:00,VND/lượng
Việt Nam,,82800000.0,raw_range,VND,2024-04-12,SJC 1 lượng,WebGia,861f796d4ccb95fa41c6ea446d57faba4a4b944771fd4a79adf88c28c23fb728,2024-04-12,84800000.0,webgia_sjc_archive,2000000.0,2024-04-12T14:30:00+07:00,VND/lượng
Việt Nam,,82700000.0,raw_range,VND,2024-04-12,SJC 1 lượng,WebGia,861f796d4ccb95fa41c6ea446d57faba4a4b944771fd4a79adf88c28c23fb728,2024-04-12,84700000.0,webgia_sjc_archive,2000000.0,2024-04-12T14:50:00+07:00,VND/lượng
Việt Nam,,82500000.0,raw_range,VND,2024-04-12,SJC 1 lượng,WebGia,861f796d4ccb95fa41c6ea446d57faba4a4b944771fd4a79adf88c28c23fb728,2024-04-12,84500000.0,webgia_sjc_archive,2000000.0,2024-04-12T15:10:00+07:00,VND/lượng
Giá vàng nữ trang,2024-04-13,74300000.0,,VND,2024-04-13,Nhẫn PNJ (24K),PNJ,070e95d05a0a6390ed0770b1bdb74ba6d431530508236e6109a07435d201fc66,,76200000.0,giavang_pnj_archive,1.9000000000000057,10:33:32 13/04/2024,VND/lượng
Giá vàng nữ trang,2024-04-13,74600000.0,,VND,2024-04-13,Nhẫn PNJ (24K),PNJ,070e95d05a0a6390ed0770b1bdb74ba6d431530508236e6109a07435d201fc66,,76350000.0,giavang_pnj_archive,1.75,07:51:46 13/04/2024,VND/lượng
Hà Nội,2024-04-13,74300000.0,,VND,2024-04-13,PNJ,PNJ,070e95d05a0a6390ed0770b1bdb74ba6d431530508236e6109a07435d201fc66,,76250000.0,giavang_pnj_archive,1.9500000000000028,10:33:32 13/04/2024,VND/lượng
Hà Nội,2024-04-13,74600000.0,,VND,2024-04-13,PNJ,PNJ,070e95d05a0a6390ed0770b1bdb74ba6d431530508236e6109a07435d201fc66,,76400000.0,giavang_pnj_archive,1.8000000000000114,07:51:46 13/04/2024,VND/lượng
Miền Tây,2024-04-13,74300000.0,,VND,2024-04-13,PNJ,PNJ,070e95d05a0a6390ed0770b1bdb74ba6d431530508236e6109a07435d201fc66,,76250000.0,giavang_pnj_archive,1.9500000000000028,11:53:47 13/04/2024,VND/lượng
Miền Tây,2024-04-13,74600000.0,,VND,2024-04-13,PNJ,PNJ,070e95d05a0a6390ed0770b1bdb74ba6d431530508236e6109a07435d201fc66,,76400000.0,giavang_pnj_archive,1.8000000000000114,07:51:46 13/04/2024,VND/lượng
Nữ trang 10K,2024-04-13,31350000.0,,VND,2024-04-13,29.950,PNJ,070e95d05a0a6390ed0770b1bdb74ba6d431530508236e6109a07435d201fc66,,10000000.0,giavang_pnj_archive,-21.35,,VND/lượng
Nữ trang 10K,2024-04-13,31480000.0,,VND,2024-04-13,30.080,PNJ,070e95d05a0a6390ed0770b1bdb74ba6d431530508236e6109a07435d201fc66,,7000000.0,giavang_pnj_archive,-24.48,,VND/lượng
Nữ trang 14K,2024-04-13,44030000.0,,VND,2024-04-13,42.630,PNJ,070e95d05a0a6390ed0770b1bdb74ba6d431530508236e6109a07435d201fc66,,10000000.0,giavang_pnj_archive,-34.03,,VND/lượng
Nữ trang 14K,2024-04-13,44200000.0,,VND,2024-04-13,42.800,PNJ,070e95d05a0a6390ed0770b1bdb74ba6d431530508236e6109a07435d201fc66,,7000000.0,giavang_pnj_archive,-37.2,,VND/lượng
Nữ trang 18K,2024-04-13,56400000.0,,VND,2024-04-13,55.000,PNJ,070e95d05a0a6390ed0770b1bdb74ba6d431530508236e6109a07435d201fc66,,10000000.0,giavang_pnj_archive,-46.4,,VND/lượng
Nữ trang 18K,2024-04-13,56630000.0,,VND,2024-04-13,55.230,PNJ,070e95d05a0a6390ed0770b1bdb74ba6d431530508236e6109a07435d201fc66,,7000000.0,giavang_pnj_archive,-49.63,,VND/lượng
Nữ trang 24K,2024-04-13,75000000.0,,VND,2024-04-13,74.200,PNJ,070e95d05a0a6390ed0770b1bdb74ba6d431530508236e6109a07435d201fc66,,10000000.0,giavang_pnj_archive,-65.0,,VND/lượng
Nữ trang 24K,2024-04-13,75300000.0,,VND,2024-04-13,75.400,PNJ,070e95d05a0a6390ed0770b1bdb74ba6d431530508236e6109a07435d201fc66,,7000000.0,giavang_pnj_archive,-68.3,,VND/lượng
SJC,2024-04-13,83100000.0,,VND,2024-04-13,80.600,PNJ,070e95d05a0a6390ed0770b1bdb74ba6d431530508236e6109a07435d201fc66,,10000000.0,giavang_pnj_archive,-73.1,,VND/lượng
SJC,2024-04-13,83100000.0,,VND,2024-04-13,80.600,PNJ,070e95d05a0a6390ed0770b1bdb74ba6d431530508236e6109a07435d201fc66,,10000000.0,giavang_pnj_archive,-73.1,,VND/lượng
SJC,2024-04-13,83100000.0,,VND,2024-04-13,80.600,PNJ,070e95d05a0a6390ed0770b1bdb74ba6d431530508236e6109a07435d201fc66,,10000000.0,giavang_pnj_archive,-73.1,,VND/lượng
SJC,2024-04-13,83100000.0,,VND,2024-04-13,80.600,PNJ,070e95d05a0a6390ed0770b1bdb74ba6d431530508236e6109a07435d201fc66,,10000000.0,giavang_pnj_archive,-73.1,,VND/lượng
SJC,2024-04-13,83100000.0,,VND,2024-04-13,80.600,PNJ,070e95d05a0a6390ed0770b1bdb74ba6d431530508236e6109a07435d201fc66,,10000000.0,giavang_pnj_archive,-73.1,,VND/lượng
SJC,2024-04-13,83100000.0,,VND,2024-04-13,80.700,PNJ,070e95d05a0a6390ed0770b1bdb74ba6d431530508236e6109a07435d201fc66,,11000000.0,giavang_pnj_archive,-72.1,,VND/lượng
SJC,2024-04-13,83500000.0,,VND,2024-04-13,81.500,PNJ,070e95d05a0a6390ed0770b1bdb74ba6d431530508236e6109a07435d201fc66,,7000000.0,giavang_pnj_archive,-76.5,,VND/lượng
SJC,2024-04-13,83500000.0,,VND,2024-04-13,81.500,PNJ,070e95d05a0a6390ed0770b1bdb74ba6d431530508236e6109a07435d201fc66,,7000000.0,giavang_pnj_archive,-76.5,,VND/lượng
SJC,2024-04-13,83500000.0,,VND,2024-04-13,81.500,PNJ,070e95d05a0a6390ed0770b1bdb74ba6d431530508236e6109a07435d201fc66,,7000000.0,giavang_pnj_archive,-76.5,,VND/lượng
SJC,2024-04-13,83500000.0,,VND,2024-04-13,81.500,PNJ,070e95d05a0a6390ed0770b1bdb74ba6d431530508236e6109a07435d201fc66,,7000000.0,giavang_pnj_archive,-76.5,,VND/lượng
SJC,2024-04-13,83500000.0,,VND,2024-04-13,81.500,PNJ,070e95d05a0a6390ed0770b1bdb74ba6d431530508236e6109a07435d201fc66,,7000000.0,giavang_pnj_archive,-76.5,,VND/lượng
SJC,2024-04-13,83500000.0,,VND,2024-04-13,81.500,PNJ,070e95d05a0a6390ed0770b1bdb74ba6d431530508236e6109a07435d201fc66,,7000000.0,giavang_pnj_archive,-76.5,,VND/lượng
TPHCM,2024-04-13,74300000.0,,VND,2024-04-13,PNJ,PNJ,070e95d05a0a6390ed0770b1bdb74ba6d431530508236e6109a07435d201fc66,,76250000.0,giavang_pnj_archive,1.9500000000000028,10:33:32 13/04/2024,VND/lượng
TPHCM,2024-04-13,74600000.0,,VND,2024-04-13,PNJ,PNJ,070e95d05a0a6390ed0770b1bdb74ba6d431530508236e6109a07435d201fc66,,76400000.0,giavang_pnj_archive,1.8000000000000114,07:51:46 13/04/2024,VND/lượng
Tây Nguyên,2024-04-13,74300000.0,,VND,2024-04-13,PNJ,PNJ,070e95d05a0a6390ed0770b1bdb74ba6d431530508236e6109a07435d201fc66,,76250000.0,giavang_pnj_archive,1.9500000000000028,10:33:32 13/04/2024,VND/lượng
Tây Nguyên,2024-04-13,74600000.0,,VND,2024-04-13,PNJ,PNJ,070e95d05a0a6390ed0770b1bdb74ba6d431530508236e6109a07435d201fc66,,76400000.0,giavang_pnj_archive,1.8000000000000114,07:51:46 13/04/2024,VND/lượng
Đà Nẵng,2024-04-13,74300000.0,,VND,2024-04-13,PNJ,PNJ,070e95d05a0a6390ed0770b1bdb74ba6d431530508236e6109a07435d201fc66,,76250000.0,giavang_pnj_archive,1.9500000000000028,10:33:32 13/04/2024,VND/lượng
Đà Nẵng,2024-04-13,74600000.0,,VND,2024-04-13,PNJ,PNJ,070e95d05a0a6390ed0770b1bdb74ba6d431530508236e6109a07435d201fc66,,76400000.0,giavang_pnj_archive,1.8000000000000114,07:51:46 13/04/2024,VND/lượng
Đông Nam Bộ,2024-04-13,74300000.0,,VND,2024-04-13,PNJ,PNJ,070e95d05a0a6390ed0770b1bdb74ba6d431530508236e6109a07435d201fc66,,76250000.0,giavang_pnj_archive,1.9500000000000028,10:33:32 13/04/2024,VND/lượng
Đông Nam Bộ,2024-04-13,74600000.0,,VND,2024-04-13,PNJ,PNJ,070e95d05a0a6390ed0770b1bdb74ba6d431530508236e6109a07435d201fc66,,76400000.0,giavang_pnj_archive,1.8000000000000114,07:51:46 13/04/2024,VND/lượng
Hồ Chí Minh,2024-04-13,82500000.0,,VND,2024-04-13,"Vàng SJC 1L, 10L, 1KG",SJC,8a0f7f521c64cbb36e40e53020c3933c58dfa68211615d178e0e539411c11d9f,,84500000.0,giavang_sjc_archive,2.0,08:25:00 13/04/2024,VND/lượng
Hồ Chí Minh,2024-04-13,80600000.0,,VND,2024-04-13,"Vàng SJC 1L, 10L, 1KG",SJC,8a0f7f521c64cbb36e40e53020c3933c58dfa68211615d178e0e539411c11d9f,,83100000.0,giavang_sjc_archive,2.5,10:00:00 13/04/2024,VND/lượng
Hồ Chí Minh,,81200000.0,raw_range,VND,2024-04-13,"Vàng SJC 1L, 10L, 1KG",SJC,675b97e626476c1012a9a9f86960d25421aec740b0942ec65b4f9f229554ef04,2024-04-12/2024-04-16,83700000.0,sjc_official,2500000.0,2024-04-13T01:26:51.870000+00:00,VND/lượng
Hồ Chí Minh,,80800000.0,raw_range,VND,2024-04-13,"Vàng SJC 1L, 10L, 1KG",SJC,675b97e626476c1012a9a9f86960d25421aec740b0942ec65b4f9f229554ef04,2024-04-12/2024-04-16,83300000.0,sjc_official,2500000.0,2024-04-13T02:21:38.347000+00:00,VND/lượng
Hồ Chí Minh,,80600000.0,raw_range,VND,2024-04-13,"Vàng SJC 1L, 10L, 1KG",SJC,675b97e626476c1012a9a9f86960d25421aec740b0942ec65b4f9f229554ef04,2024-04-12/2024-04-16,83100000.0,sjc_official,2500000.0,2024-04-13T02:57:16.417000+00:00,VND/lượng
Việt Nam,,82500000.0,raw_range,VND,2024-04-13,SJC 1 lượng,WebGia,ec8e40e95e9a0ec01b5f9975c626a24c876a2ad961c324d3d53b0f1ca87c067c,2024-04-13,84500000.0,webgia_sjc_archive,2000000.0,2024-04-13T08:25:00+07:00,VND/lượng
Việt Nam,,81200000.0,raw_range,VND,2024-04-13,SJC 1 lượng,WebGia,ec8e40e95e9a0ec01b5f9975c626a24c876a2ad961c324d3d53b0f1ca87c067c,2024-04-13,83700000.0,webgia_sjc_archive,2500000.0,2024-04-13T08:30:00+07:00,VND/lượng
Việt Nam,,80800000.0,raw_range,VND,2024-04-13,SJC 1 lượng,WebGia,ec8e40e95e9a0ec01b5f9975c626a24c876a2ad961c324d3d53b0f1ca87c067c,2024-04-13,83300000.0,webgia_sjc_archive,2500000.0,2024-04-13T09:25:00+07:00,VND/lượng
Việt Nam,,80600000.0,raw_range,VND,2024-04-13,SJC 1 lượng,WebGia,ec8e40e95e9a0ec01b5f9975c626a24c876a2ad961c324d3d53b0f1ca87c067c,2024-04-13,83100000.0,webgia_sjc_archive,2500000.0,2024-04-13T10:00:00+07:00,VND/lượng
Giá vàng nữ trang,2024-04-15,74700000.0,,VND,2024-04-15,Nhẫn PNJ (24K),PNJ,6aed9dc39b2d1b02f5691d9dc614e0d2aabc6ce04ca62a5122e08378cac696d0,,76500000.0,giavang_pnj_archive,1.7999999999999972,15:34:30 15/04/2024,VND/lượng
Giá vàng nữ trang,2024-04-15,74300000.0,,VND,2024-04-15,Nhẫn PNJ (24K),PNJ,6aed9dc39b2d1b02f5691d9dc614e0d2aabc6ce04ca62a5122e08378cac696d0,,76200000.0,giavang_pnj_archive,1.9000000000000057,08:13:53 15/04/2024,VND/lượng
Hà Nội,2024-04-15,74700000.0,,VND,2024-04-15,PNJ,PNJ,6aed9dc39b2d1b02f5691d9dc614e0d2aabc6ce04ca62a5122e08378cac696d0,,76600000.0,giavang_pnj_archive,1.8999999999999915,15:34:30 15/04/2024,VND/lượng
Hà Nội,2024-04-15,74300000.0,,VND,2024-04-15,PNJ,PNJ,6aed9dc39b2d1b02f5691d9dc614e0d2aabc6ce04ca62a5122e08378cac696d0,,76250000.0,giavang_pnj_archive,1.9500000000000028,08:13:53 15/04/2024,VND/lượng
Miền Tây,2024-04-15,74700000.0,,VND,2024-04-15,PNJ,PNJ,6aed9dc39b2d1b02f5691d9dc614e0d2aabc6ce04ca62a5122e08378cac696d0,,76600000.0,giavang_pnj_archive,1.8999999999999915,16:56:12 15/04/2024,VND/lượng
Miền Tây,2024-04-15,74300000.0,,VND,2024-04-15,PNJ,PNJ,6aed9dc39b2d1b02f5691d9dc614e0d2aabc6ce04ca62a5122e08378cac696d0,,76250000.0,giavang_pnj_archive,1.9500000000000028,08:13:53 15/04/2024,VND/lượng
Nữ trang 10K,2024-04-15,31350000.0,,VND,2024-04-15,29.950,PNJ,6aed9dc39b2d1b02f5691d9dc614e0d2aabc6ce04ca62a5122e08378cac696d0,,8000000.0,giavang_pnj_archive,-23.35,,VND/lượng
Nữ trang 10K,2024-04-15,31520000.0,,VND,2024-04-15,30.120,PNJ,6aed9dc39b2d1b02f5691d9dc614e0d2aabc6ce04ca62a5122e08378cac696d0,,15000000.0,giavang_pnj_archive,-16.52,,VND/lượng
Nữ trang 14K,2024-04-15,44030000.0,,VND,2024-04-15,42.630,PNJ,6aed9dc39b2d1b02f5691d9dc614e0d2aabc6ce04ca62a5122e08378cac696d0,,8000000.0,giavang_pnj_archive,-36.03,,VND/lượng
Nữ trang 14K,2024-04-15,44260000.0,,VND,2024-04-15,42.860,PNJ,6aed9dc39b2d1b02f5691d9dc614e0d2aabc6ce04ca62a5122e08378cac696d0,,15000000.0,giavang_pnj_archive,-29.259999999999998,,VND/lượng
Nữ trang 18K,2024-04-15,56400000.0,,VND,2024-04-15,55.000,PNJ,6aed9dc39b2d1b02f5691d9dc614e0d2aabc6ce04ca62a5122e08378cac696d0,,8000000.0,giavang_pnj_archive,-48.4,,VND/lượng
Nữ trang 18K,2024-04-15,56700000.0,,VND,2024-04-15,55.300,PNJ,6aed9dc39b2d1b02f5691d9dc614e0d2aabc6ce04ca62a5122e08378cac696d0,,15000000.0,giavang_pnj_archive,-41.7,,VND/lượng
Nữ trang 24K,2024-04-15,75000000.0,,VND,2024-04-15,74.200,PNJ,6aed9dc39b2d1b02f5691d9dc614e0d2aabc6ce04ca62a5122e08378cac696d0,,8000000.0,giavang_pnj_archive,-67.0,,VND/lượng
Nữ trang 24K,2024-04-15,75400000.0,,VND,2024-04-15,74.600,PNJ,6aed9dc39b2d1b02f5691d9dc614e0d2aabc6ce04ca62a5122e08378cac696d0,,15000000.0,giavang_pnj_archive,-60.400000000000006,,VND/lượng
SJC,2024-04-15,83100000.0,,VND,2024-04-15,80.600,PNJ,6aed9dc39b2d1b02f5691d9dc614e0d2aabc6ce04ca62a5122e08378cac696d0,,8000000.0,giavang_pnj_archive,-75.1,,VND/lượng
SJC,2024-04-15,83100000.0,,VND,2024-04-15,80.600,PNJ,6aed9dc39b2d1b02f5691d9dc614e0d2aabc6ce04ca62a5122e08378cac696d0,,8000000.0,giavang_pnj_archive,-75.1,,VND/lượng
SJC,2024-04-15,83100000.0,,VND,2024-04-15,80.600,PNJ,6aed9dc39b2d1b02f5691d9dc614e0d2aabc6ce04ca62a5122e08378cac696d0,,8000000.0,giavang_pnj_archive,-75.1,,VND/lượng
SJC,2024-04-15,83100000.0,,VND,2024-04-15,80.600,PNJ,6aed9dc39b2d1b02f5691d9dc614e0d2aabc6ce04ca62a5122e08378cac696d0,,8000000.0,giavang_pnj_archive,-75.1,,VND/lượng
SJC,2024-04-15,83100000.0,,VND,2024-04-15,80.600,PNJ,6aed9dc39b2d1b02f5691d9dc614e0d2aabc6ce04ca62a5122e08378cac696d0,,8000000.0,giavang_pnj_archive,-75.1,,VND/lượng
SJC,2024-04-15,83100000.0,,VND,2024-04-15,80.600,PNJ,6aed9dc39b2d1b02f5691d9dc614e0d2aabc6ce04ca62a5122e08378cac696d0,,8000000.0,giavang_pnj_archive,-75.1,,VND/lượng
SJC,2024-04-15,84100000.0,,VND,2024-04-15,81.800,PNJ,6aed9dc39b2d1b02f5691d9dc614e0d2aabc6ce04ca62a5122e08378cac696d0,,15000000.0,giavang_pnj_archive,-69.1,,VND/lượng
SJC,2024-04-15,84100000.0,,VND,2024-04-15,81.800,PNJ,6aed9dc39b2d1b02f5691d9dc614e0d2aabc6ce04ca62a5122e08378cac696d0,,15000000.0,giavang_pnj_archive,-69.1,,VND/lượng
SJC,2024-04-15,84100000.0,,VND,2024-04-15,81.800,PNJ,6aed9dc39b2d1b02f5691d9dc614e0d2aabc6ce04ca62a5122e08378cac696d0,,15000000.0,giavang_pnj_archive,-69.1,,VND/lượng
SJC,2024-04-15,84100000.0,,VND,2024-04-15,81.800,PNJ,6aed9dc39b2d1b02f5691d9dc614e0d2aabc6ce04ca62a5122e08378cac696d0,,15000000.0,giavang_pnj_archive,-69.1,,VND/lượng
SJC,2024-04-15,84100000.0,,VND,2024-04-15,81.800,PNJ,6aed9dc39b2d1b02f5691d9dc614e0d2aabc6ce04ca62a5122e08378cac696d0,,15000000.0,giavang_pnj_archive,-69.1,,VND/lượng
SJC,2024-04-15,84200000.0,,VND,2024-04-15,82.100,PNJ,6aed9dc39b2d1b02f5691d9dc614e0d2aabc6ce04ca62a5122e08378cac696d0,,16000000.0,giavang_pnj_archive,-68.2,,VND/lượng
TPHCM,2024-04-15,74700000.0,,VND,2024-04-15,PNJ,PNJ,6aed9dc39b2d1b02f5691d9dc614e0d2aabc6ce04ca62a5122e08378cac696d0,,76600000.0,giavang_pnj_archive,1.8999999999999915,15:34:30 15/04/2024,VND/lượng
TPHCM,2024-04-15,74300000.0,,VND,2024-04-15,PNJ,PNJ,6aed9dc39b2d1b02f5691d9dc614e0d2aabc6ce04ca62a5122e08378cac696d0,,76250000.0,giavang_pnj_archive,1.9500000000000028,08:13:53 15/04/2024,VND/lượng
Tây Nguyên,2024-04-15,74700000.0,,VND,2024-04-15,PNJ,PNJ,6aed9dc39b2d1b02f5691d9dc614e0d2aabc6ce04ca62a5122e08378cac696d0,,76600000.0,giavang_pnj_archive,1.8999999999999915,15:34:30 15/04/2024,VND/lượng
Tây Nguyên,2024-04-15,74300000.0,,VND,2024-04-15,PNJ,PNJ,6aed9dc39b2d1b02f5691d9dc614e0d2aabc6ce04ca62a5122e08378cac696d0,,76250000.0,giavang_pnj_archive,1.9500000000000028,08:13:53 15/04/2024,VND/lượng
Đà Nẵng,2024-04-15,74700000.0,,VND,2024-04-15,PNJ,PNJ,6aed9dc39b2d1b02f5691d9dc614e0d2aabc6ce04ca62a5122e08378cac696d0,,76600000.0,giavang_pnj_archive,1.8999999999999915,15:34:30 15/04/2024,VND/lượng
Đà Nẵng,2024-04-15,74300000.0,,VND,2024-04-15,PNJ,PNJ,6aed9dc39b2d1b02f5691d9dc614e0d2aabc6ce04ca62a5122e08378cac696d0,,76250000.0,giavang_pnj_archive,1.9500000000000028,08:13:53 15/04/2024,VND/lượng
Đông Nam Bộ,2024-04-15,74700000.0,,VND,2024-04-15,PNJ,PNJ,6aed9dc39b2d1b02f5691d9dc614e0d2aabc6ce04ca62a5122e08378cac696d0,,76600000.0,giavang_pnj_archive,1.8999999999999915,15:34:30 15/04/2024,VND/lượng
Đông Nam Bộ,2024-04-15,74300000.0,,VND,2024-04-15,PNJ,PNJ,6aed9dc39b2d1b02f5691d9dc614e0d2aabc6ce04ca62a5122e08378cac696d0,,76250000.0,giavang_pnj_archive,1.9500000000000028,08:13:53 15/04/2024,VND/lượng
Hồ Chí Minh,2024-04-15,80600000.0,,VND,2024-04-15,"Vàng SJC 1L, 10L, 1KG",SJC,4484a0c469c976026222a08501eaca112707bd8f37ca26229cf8f9deb8eb743a,,83100000.0,giavang_sjc_archive,2.5,00:00:00 15/04/2024,VND/lượng
Hồ Chí Minh,2024-04-15,82100000.0,,VND,2024-04-15,"Vàng SJC 1L, 10L, 1KG",SJC,4484a0c469c976026222a08501eaca112707bd8f37ca26229cf8f9deb8eb743a,,84100000.0,giavang_sjc_archive,2.0,16:50:00 15/04/2024,VND/lượng
Hồ Chí Minh,,81200000.0,raw_range,VND,2024-04-15,"Vàng SJC 1L, 10L, 1KG",SJC,675b97e626476c1012a9a9f86960d25421aec740b0942ec65b4f9f229554ef04,2024-04-12/2024-04-16,83400000.0,sjc_official,2200000.0,2024-04-15T01:25:19.483000+00:00,VND/lượng
Hồ Chí Minh,,81600000.0,raw_range,VND,2024-04-15,"Vàng SJC 1L, 10L, 1KG",SJC,675b97e626476c1012a9a9f86960d25421aec740b0942ec65b4f9f229554ef04,2024-04-12/2024-04-16,83800000.0,sjc_official,2200000.0,2024-04-15T01:38:20.110000+00:00,VND/lượng
Hồ Chí Minh,,82000000.0,raw_range,VND,2024-04-15,"Vàng SJC 1L, 10L, 1KG",SJC,675b97e626476c1012a9a9f86960d25421aec740b0942ec65b4f9f229554ef04,2024-04-12/2024-04-16,84200000.0,sjc_official,2200000.0,2024-04-15T02:49:05.680000+00:00,VND/lượng
Hồ Chí Minh,,82400000.0,raw_range,VND,2024-04-15,"Vàng SJC 1L, 10L, 1KG",SJC,675b97e626476c1012a9a9f86960d25421aec740b0942ec65b4f9f229554ef04,2024-04-12/2024-04-16,84600000.0,sjc_official,2200000.0,2024-04-15T03:03:56.773000+00:00,VND/lượng
Hồ Chí Minh,,82700000.0,raw_range,VND,2024-04-15,"Vàng SJC 1L, 10L, 1KG",SJC,675b97e626476c1012a9a9f86960d25421aec740b0942ec65b4f9f229554ef04,2024-04-12/2024-04-16,84900000.0,sjc_official,2200000.0,2024-04-15T03:29:02.490000+00:00,VND/lượng
Hồ Chí Minh,,83000000.0,raw_range,VND,2024-04-15,"Vàng SJC 1L, 10L, 1KG",SJC,675b97e626476c1012a9a9f86960d25421aec740b0942ec65b4f9f229554ef04,2024-04-12/2024-04-16,85200000.0,sjc_official,2200000.0,2024-04-15T03:50:41.443000+00:00,VND/lượng
Hồ Chí Minh,,83300000.0,raw_range,VND,2024-04-15,"Vàng SJC 1L, 10L, 1KG",SJC,675b97e626476c1012a9a9f86960d25421aec740b0942ec65b4f9f229554ef04,2024-04-12/2024-04-16,85500000.0,sjc_official,2200000.0,2024-04-15T04:19:21.557000+00:00,VND/lượng
Hồ Chí Minh,,83000000.0,raw_range,VND,2024-04-15,"Vàng SJC 1L, 10L, 1KG",SJC,675b97e626476c1012a9a9f86960d25421aec740b0942ec65b4f9f229554ef04,2024-04-12/2024-04-16,85200000.0,sjc_official,2200000.0,2024-04-15T06:56:16.620000+00:00,VND/lượng
Hồ Chí Minh,,82700000.0,raw_range,VND,2024-04-15,"Vàng SJC 1L, 10L, 1KG",SJC,675b97e626476c1012a9a9f86960d25421aec740b0942ec65b4f9f229554ef04,2024-04-12/2024-04-16,84900000.0,sjc_official,2200000.0,2024-04-15T07:09:19.930000+00:00,VND/lượng
Hồ Chí Minh,,82400000.0,raw_range,VND,2024-04-15,"Vàng SJC 1L, 10L, 1KG",SJC,675b97e626476c1012a9a9f86960d25421aec740b0942ec65b4f9f229554ef04,2024-04-12/2024-04-16,84600000.0,sjc_official,2200000.0,2024-04-15T07:51:11.460000+00:00,VND/lượng
Hồ Chí Minh,,82300000.0,raw_range,VND,2024-04-15,"Vàng SJC 1L, 10L, 1KG",SJC,675b97e626476c1012a9a9f86960d25421aec740b0942ec65b4f9f229554ef04,2024-04-12/2024-04-16,84500000.0,sjc_official,2200000.0,2024-04-15T08:11:48.317000+00:00,VND/lượng
Hồ Chí Minh,,82200000.0,raw_range,VND,2024-04-15,"Vàng SJC 1L, 10L, 1KG",SJC,675b97e626476c1012a9a9f86960d25421aec740b0942ec65b4f9f229554ef04,2024-04-12/2024-04-16,84400000.0,sjc_official,2200000.0,2024-04-15T08:15:07.273000+00:00,VND/lượng
Hồ Chí Minh,,81900000.0,raw_range,VND,2024-04-15,"Vàng SJC 1L, 10L, 1KG",SJC,675b97e626476c1012a9a9f86960d25421aec740b0942ec65b4f9f229554ef04,2024-04-12/2024-04-16,84100000.0,sjc_official,2200000.0,2024-04-15T08:32:09.763000+00:00,VND/lượng
Hồ Chí Minh,,82100000.0,raw_range,VND,2024-04-15,"Vàng SJC 1L, 10L, 1KG",SJC,675b97e626476c1012a9a9f86960d25421aec740b0942ec65b4f9f229554ef04,2024-04-12/2024-04-16,84100000.0,sjc_official,2000000.0,2024-04-15T09:46:10.787000+00:00,VND/lượng
Việt Nam,,80600000.0,raw_range,VND,2024-04-15,SJC 1 lượng,WebGia,d79446bc5f4c20565bd9daa7381cee8b47a38cb04829273e3b0603708abefadc,2024-04-15,83100000.0,webgia_sjc_archive,2500000.0,2024-04-15T00:00:00+07:00,VND/lượng
Việt Nam,,81200000.0,raw_range,VND,2024-04-15,SJC 1 lượng,WebGia,d79446bc5f4c20565bd9daa7381cee8b47a38cb04829273e3b0603708abefadc,2024-04-15,83400000.0,webgia_sjc_archive,2200000.0,2024-04-15T08:30:00+07:00,VND/lượng
Việt Nam,,81600000.0,raw_range,VND,2024-04-15,SJC 1 lượng,WebGia,d79446bc5f4c20565bd9daa7381cee8b47a38cb04829273e3b0603708abefadc,2024-04-15,83800000.0,webgia_sjc_archive,2200000.0,2024-04-15T09:15:00+07:00,VND/lượng
Việt Nam,,82000000.0,raw_range,VND,2024-04-15,SJC 1 lượng,WebGia,d79446bc5f4c20565bd9daa7381cee8b47a38cb04829273e3b0603708abefadc,2024-04-15,84200000.0,webgia_sjc_archive,2200000.0,2024-04-15T09:50:00+07:00,VND/lượng
Việt Nam,,82400000.0,raw_range,VND,2024-04-15,SJC 1 lượng,WebGia,d79446bc5f4c20565bd9daa7381cee8b47a38cb04829273e3b0603708abefadc,2024-04-15,84600000.0,webgia_sjc_archive,2200000.0,2024-04-15T10:05:00+07:00,VND/lượng
Việt Nam,,82700000.0,raw_range,VND,2024-04-15,SJC 1 lượng,WebGia,d79446bc5f4c20565bd9daa7381cee8b47a38cb04829273e3b0603708abefadc,2024-04-15,84900000.0,webgia_sjc_archive,2200000.0,2024-04-15T10:30:00+07:00,VND/lượng
Việt Nam,,83000000.0,raw_range,VND,2024-04-15,SJC 1 lượng,WebGia,d79446bc5f4c20565bd9daa7381cee8b47a38cb04829273e3b0603708abefadc,2024-04-15,85200000.0,webgia_sjc_archive,2200000.0,2024-04-15T10:55:00+07:00,VND/lượng
Việt Nam,,83300000.0,raw_range,VND,2024-04-15,SJC 1 lượng,WebGia,d79446bc5f4c20565bd9daa7381cee8b47a38cb04829273e3b0603708abefadc,2024-04-15,85500000.0,webgia_sjc_archive,2200000.0,2024-04-15T11:20:00+07:00,VND/lượng
Việt Nam,,83000000.0,raw_range,VND,2024-04-15,SJC 1 lượng,WebGia,d79446bc5f4c20565bd9daa7381cee8b47a38cb04829273e3b0603708abefadc,2024-04-15,85200000.0,webgia_sjc_archive,2200000.0,2024-04-15T14:00:00+07:00,VND/lượng
Việt Nam,,82700000.0,raw_range,VND,2024-04-15,SJC 1 lượng,WebGia,d79446bc5f4c20565bd9daa7381cee8b47a38cb04829273e3b0603708abefadc,2024-04-15,84900000.0,webgia_sjc_archive,2200000.0,2024-04-15T14:10:00+07:00,VND/lượng
Việt Nam,,82400000.0,raw_range,VND,2024-04-15,SJC 1 lượng,WebGia,d79446bc5f4c20565bd9daa7381cee8b47a38cb04829273e3b0603708abefadc,2024-04-15,84600000.0,webgia_sjc_archive,2200000.0,2024-04-15T14:55:00+07:00,VND/lượng
Việt Nam,,82200000.0,raw_range,VND,2024-04-15,SJC 1 lượng,WebGia,d79446bc5f4c20565bd9daa7381cee8b47a38cb04829273e3b0603708abefadc,2024-04-15,84400000.0,webgia_sjc_archive,2200000.0,2024-04-15T15:15:00+07:00,VND/lượng
Việt Nam,,81900000.0,raw_range,VND,2024-04-15,SJC 1 lượng,WebGia,d79446bc5f4c20565bd9daa7381cee8b47a38cb04829273e3b0603708abefadc,2024-04-15,84100000.0,webgia_sjc_archive,2200000.0,2024-04-15T15:40:00+07:00,VND/lượng
Việt Nam,,82100000.0,raw_range,VND,2024-04-15,SJC 1 lượng,WebGia,d79446bc5f4c20565bd9daa7381cee8b47a38cb04829273e3b0603708abefadc,2024-04-15,84100000.0,webgia_sjc_archive,2000000.0,2024-04-15T16:50:00+07:00,VND/lượng
Giá vàng nữ trang,2024-04-16,74800000.0,,VND,2024-04-16,Nhẫn PNJ (24K),PNJ,3a44e7040ab154482637fc2f6d5185b9e86631df422362c82f36a79ddbb88a44,,76700000.0,giavang_pnj_archive,1.9000000000000057,14:53:57 16/04/2024,VND/lượng
Giá vàng nữ trang,2024-04-16,75000000.0,,VND,2024-04-16,Nhẫn PNJ (24K),PNJ,3a44e7040ab154482637fc2f6d5185b9e86631df422362c82f36a79ddbb88a44,,76900000.0,giavang_pnj_archive,1.9000000000000057,08:11:39 16/04/2024,VND/lượng
Hà Nội,2024-04-16,74800000.0,,VND,2024-04-16,PNJ,PNJ,3a44e7040ab154482637fc2f6d5185b9e86631df422362c82f36a79ddbb88a44,,76800000.0,giavang_pnj_archive,2.0,14:53:57 16/04/2024,VND/lượng
Hà Nội,2024-04-16,75000000.0,,VND,2024-04-16,PNJ,PNJ,3a44e7040ab154482637fc2f6d5185b9e86631df422362c82f36a79ddbb88a44,,76950000.0,giavang_pnj_archive,1.9500000000000028,08:11:39 16/04/2024,VND/lượng
Miền Tây,2024-04-16,74800000.0,,VND,2024-04-16,PNJ,PNJ,3a44e7040ab154482637fc2f6d5185b9e86631df422362c82f36a79ddbb88a44,,76800000.0,giavang_pnj_archive,2.0,16:16:28 16/04/2024,VND/lượng
Miền Tây,2024-04-16,75000000.0,,VND,2024-04-16,PNJ,PNJ,3a44e7040ab154482637fc2f6d5185b9e86631df422362c82f36a79ddbb88a44,,76950000.0,giavang_pnj_archive,1.9500000000000028,08:11:39 16/04/2024,VND/lượng
Nữ trang 10K,2024-04-16,31560000.0,,VND,2024-04-16,30.160,PNJ,3a44e7040ab154482637fc2f6d5185b9e86631df422362c82f36a79ddbb88a44,,14000000.0,giavang_pnj_archive,-17.56,,VND/lượng
Nữ trang 10K,2024-04-16,31640000.0,,VND,2024-04-16,30.240,PNJ,3a44e7040ab154482637fc2f6d5185b9e86631df422362c82f36a79ddbb88a44,,8000000.0,giavang_pnj_archive,-23.64,,VND/lượng
Nữ trang 14K,2024-04-16,44320000.0,,VND,2024-04-16,42.920,PNJ,3a44e7040ab154482637fc2f6d5185b9e86631df422362c82f36a79ddbb88a44,,14000000.0,giavang_pnj_archive,-30.32,,VND/lượng
Nữ trang 14K,2024-04-16,44440000.0,,VND,2024-04-16,43.040,PNJ,3a44e7040ab154482637fc2f6d5185b9e86631df422362c82f36a79ddbb88a44,,8000000.0,giavang_pnj_archive,-36.44,,VND/lượng
Nữ trang 18K,2024-04-16,56780000.0,,VND,2024-04-16,55.380,PNJ,3a44e7040ab154482637fc2f6d5185b9e86631df422362c82f36a79ddbb88a44,,14000000.0,giavang_pnj_archive,-42.78,,VND/lượng
Nữ trang 18K,2024-04-16,56930000.0,,VND,2024-04-16,55.530,PNJ,3a44e7040ab154482637fc2f6d5185b9e86631df422362c82f36a79ddbb88a44,,8000000.0,giavang_pnj_archive,-48.93,,VND/lượng
Nữ trang 24K,2024-04-16,75500000.0,,VND,2024-04-16,74.700,PNJ,3a44e7040ab154482637fc2f6d5185b9e86631df422362c82f36a79ddbb88a44,,14000000.0,giavang_pnj_archive,-61.5,,VND/lượng
Nữ trang 24K,2024-04-16,75700000.0,,VND,2024-04-16,74.900,PNJ,3a44e7040ab154482637fc2f6d5185b9e86631df422362c82f36a79ddbb88a44,,8000000.0,giavang_pnj_archive,-67.7,,VND/lượng
SJC,2024-04-16,83700000.0,,VND,2024-04-16,81.700,PNJ,3a44e7040ab154482637fc2f6d5185b9e86631df422362c82f36a79ddbb88a44,,14000000.0,giavang_pnj_archive,-69.7,,VND/lượng
SJC,2024-04-16,83700000.0,,VND,2024-04-16,81.700,PNJ,3a44e7040ab154482637fc2f6d5185b9e86631df422362c82f36a79ddbb88a44,,14000000.0,giavang_pnj_archive,-69.7,,VND/lượng
SJC,2024-04-16,83700000.0,,VND,2024-04-16,81.700,PNJ,3a44e7040ab154482637fc2f6d5185b9e86631df422362c82f36a79ddbb88a44,,14000000.0,giavang_pnj_archive,-69.7,,VND/lượng
SJC,2024-04-16,83700000.0,,VND,2024-04-16,81.700,PNJ,3a44e7040ab154482637fc2f6d5185b9e86631df422362c82f36a79ddbb88a44,,16000000.0,giavang_pnj_archive,-67.7,,VND/lượng
SJC,2024-04-16,83700000.0,,VND,2024-04-16,81.700,PNJ,3a44e7040ab154482637fc2f6d5185b9e86631df422362c82f36a79ddbb88a44,,14000000.0,giavang_pnj_archive,-69.7,,VND/lượng
SJC,2024-04-16,83700000.0,,VND,2024-04-16,81.700,PNJ,3a44e7040ab154482637fc2f6d5185b9e86631df422362c82f36a79ddbb88a44,,14000000.0,giavang_pnj_archive,-69.7,,VND/lượng
SJC,2024-04-16,84100000.0,,VND,2024-04-16,81.800,PNJ,3a44e7040ab154482637fc2f6d5185b9e86631df422362c82f36a79ddbb88a44,,8000000.0,giavang_pnj_archive,-76.1,,VND/lượng
SJC,2024-04-16,84100000.0,,VND,2024-04-16,81.800,PNJ,3a44e7040ab154482637fc2f6d5185b9e86631df422362c82f36a79ddbb88a44,,8000000.0,giavang_pnj_archive,-76.1,,VND/lượng
SJC,2024-04-16,84100000.0,,VND,2024-04-16,81.800,PNJ,3a44e7040ab154482637fc2f6d5185b9e86631df422362c82f36a79ddbb88a44,,8000000.0,giavang_pnj_archive,-76.1,,VND/lượng
SJC,2024-04-16,84100000.0,,VND,2024-04-16,81.800,PNJ,3a44e7040ab154482637fc2f6d5185b9e86631df422362c82f36a79ddbb88a44,,8000000.0,giavang_pnj_archive,-76.1,,VND/lượng
SJC,2024-04-16,84100000.0,,VND,2024-04-16,81.800,PNJ,3a44e7040ab154482637fc2f6d5185b9e86631df422362c82f36a79ddbb88a44,,8000000.0,giavang_pnj_archive,-76.1,,VND/lượng
SJC,2024-04-16,84100000.0,,VND,2024-04-16,81.800,PNJ,3a44e7040ab154482637fc2f6d5185b9e86631df422362c82f36a79ddbb88a44,,8000000.0,giavang_pnj_archive,-76.1,,VND/lượng
TPHCM,2024-04-16,74800000.0,,VND,2024-04-16,PNJ,PNJ,3a44e7040ab154482637fc2f6d5185b9e86631df422362c82f36a79ddbb88a44,,76800000.0,giavang_pnj_archive,2.0,14:53:57 16/04/2024,VND/lượng
TPHCM,2024-04-16,75000000.0,,VND,2024-04-16,PNJ,PNJ,3a44e7040ab154482637fc2f6d5185b9e86631df422362c82f36a79ddbb88a44,,76950000.0,giavang_pnj_archive,1.9500000000000028,08:11:39 16/04/2024,VND/lượng
Tây Nguyên,2024-04-16,74800000.0,,VND,2024-04-16,PNJ,PNJ,3a44e7040ab154482637fc2f6d5185b9e86631df422362c82f36a79ddbb88a44,,76800000.0,giavang_pnj_archive,2.0,14:53:57 16/04/2024,VND/lượng
Tây Nguyên,2024-04-16,75000000.0,,VND,2024-04-16,PNJ,PNJ,3a44e7040ab154482637fc2f6d5185b9e86631df422362c82f36a79ddbb88a44,,76950000.0,giavang_pnj_archive,1.9500000000000028,08:11:39 16/04/2024,VND/lượng
Đà Nẵng,2024-04-16,74800000.0,,VND,2024-04-16,PNJ,PNJ,3a44e7040ab154482637fc2f6d5185b9e86631df422362c82f36a79ddbb88a44,,76800000.0,giavang_pnj_archive,2.0,14:53:57 16/04/2024,VND/lượng
Đà Nẵng,2024-04-16,75000000.0,,VND,2024-04-16,PNJ,PNJ,3a44e7040ab154482637fc2f6d5185b9e86631df422362c82f36a79ddbb88a44,,76950000.0,giavang_pnj_archive,1.9500000000000028,08:11:39 16/04/2024,VND/lượng
Đông Nam Bộ,2024-04-16,74800000.0,,VND,2024-04-16,PNJ,PNJ,3a44e7040ab154482637fc2f6d5185b9e86631df422362c82f36a79ddbb88a44,,76800000.0,giavang_pnj_archive,2.0,14:53:57 16/04/2024,VND/lượng
Đông Nam Bộ,2024-04-16,75000000.0,,VND,2024-04-16,PNJ,PNJ,3a44e7040ab154482637fc2f6d5185b9e86631df422362c82f36a79ddbb88a44,,76950000.0,giavang_pnj_archive,1.9500000000000028,08:11:39 16/04/2024,VND/lượng
Hồ Chí Minh,2024-04-16,82100000.0,,VND,2024-04-16,"Vàng SJC 1L, 10L, 1KG",SJC,11fb50487ab25ea6add55da48546e534b567b4b525a39aee2a1be82528bcc221,,84100000.0,giavang_sjc_archive,2.0,00:00:00 16/04/2024,VND/lượng
Hồ Chí Minh,2024-04-16,81700000.0,,VND,2024-04-16,"Vàng SJC 1L, 10L, 1KG",SJC,11fb50487ab25ea6add55da48546e534b567b4b525a39aee2a1be82528bcc221,,83700000.0,giavang_sjc_archive,2.0,16:15:00 16/04/2024,VND/lượng
Hồ Chí Minh,,82400000.0,raw_range,VND,2024-04-16,"Vàng SJC 1L, 10L, 1KG",SJC,675b97e626476c1012a9a9f86960d25421aec740b0942ec65b4f9f229554ef04,2024-04-12/2024-04-16,84400000.0,sjc_official,2000000.0,2024-04-16T01:28:34.070000+00:00,VND/lượng
Hồ Chí Minh,,82300000.0,raw_range,VND,2024-04-16,"Vàng SJC 1L, 10L, 1KG",SJC,675b97e626476c1012a9a9f86960d25421aec740b0942ec65b4f9f229554ef04,2024-04-12/2024-04-16,84300000.0,sjc_official,2000000.0,2024-04-16T01:29:07.170000+00:00,VND/lượng
Hồ Chí Minh,,82000000.0,raw_range,VND,2024-04-16,"Vàng SJC 1L, 10L, 1KG",SJC,675b97e626476c1012a9a9f86960d25421aec740b0942ec65b4f9f229554ef04,2024-04-12/2024-04-16,84000000.0,sjc_official,2000000.0,2024-04-16T04:00:51.407000+00:00,VND/lượng
Hồ Chí Minh,,81800000.0,raw_range,VND,2024-04-16,"Vàng SJC 1L, 10L, 1KG",SJC,675b97e626476c1012a9a9f86960d25421aec740b0942ec65b4f9f229554ef04,2024-04-12/2024-04-16,83800000.0,sjc_official,2000000.0,2024-04-16T06:34:44.200000+00:00,VND/lượng
Hồ Chí Minh,,81700000.0,raw_range,VND,2024-04-16,"Vàng SJC 1L, 10L, 1KG",SJC,675b97e626476c1012a9a9f86960d25421aec740b0942ec65b4f9f229554ef04,2024-04-12/2024-04-16,83700000.0,sjc_official,2000000.0,2024-04-16T07:24:15.913000+00:00,VND/lượng
Hồ Chí Minh,,81500000.0,raw_range,VND,2024-04-16,"Vàng SJC 1L, 10L, 1KG",SJC,675b97e626476c1012a9a9f86960d25421aec740b0942ec65b4f9f229554ef04,2024-04-12/2024-04-16,83500000.0,sjc_official,2000000.0,2024-04-16T07:57:17.950000+00:00,VND/lượng
Hồ Chí Minh,,81700000.0,raw_range,VND,2024-04-16,"Vàng SJC 1L, 10L, 1KG",SJC,675b97e626476c1012a9a9f86960d25421aec740b0942ec65b4f9f229554ef04,2024-04-12/2024-04-16,83700000.0,sjc_official,2000000.0,2024-04-16T09:13:01.667000+00:00,VND/lượng
Việt Nam,,82100000.0,raw_range,VND,2024-04-16,SJC 1 lượng,WebGia,cb86400fa37cd701eeeaf69a8d7576054468e6598e621bf062414a0a3df09053,2024-04-16,84100000.0,webgia_sjc_archive,2000000.0,2024-04-16T00:00:00+07:00,VND/lượng
Việt Nam,,82300000.0,raw_range,VND,2024-04-16,SJC 1 lượng,WebGia,cb86400fa37cd701eeeaf69a8d7576054468e6598e621bf062414a0a3df09053,2024-04-16,84300000.0,webgia_sjc_archive,2000000.0,2024-04-16T08:35:00+07:00,VND/lượng
Việt Nam,,82000000.0,raw_range,VND,2024-04-16,SJC 1 lượng,WebGia,cb86400fa37cd701eeeaf69a8d7576054468e6598e621bf062414a0a3df09053,2024-04-16,84000000.0,webgia_sjc_archive,2000000.0,2024-04-16T11:05:00+07:00,VND/lượng
Việt Nam,,81700000.0,raw_range,VND,2024-04-16,SJC 1 lượng,WebGia,cb86400fa37cd701eeeaf69a8d7576054468e6598e621bf062414a0a3df09053,2024-04-16,83700000.0,webgia_sjc_archive,2000000.0,2024-04-16T14:35:00+07:00,VND/lượng
Việt Nam,,81500000.0,raw_range,VND,2024-04-16,SJC 1 lượng,WebGia,cb86400fa37cd701eeeaf69a8d7576054468e6598e621bf062414a0a3df09053,2024-04-16,83500000.0,webgia_sjc_archive,2000000.0,2024-04-16T15:00:00+07:00,VND/lượng
Việt Nam,,81700000.0,raw_range,VND,2024-04-16,SJC 1 lượng,WebGia,cb86400fa37cd701eeeaf69a8d7576054468e6598e621bf062414a0a3df09053,2024-04-16,83700000.0,webgia_sjc_archive,2000000.0,2024-04-16T16:15:00+07:00,VND/lượng
